كان, 0.002
لا, 0.002
الله, 0.002
قال, 0.002
كل, 0.002
رسول الله, 0.002
عام, 0.002
عمل, 0.002
آخر, 0.002
يوم, 0.002
أي, 0.002
أول, 0.002
بعض, 0.002
إنسان, 0.002
دولة, 0.002
قبل, 0.002
أمر, 0.002
رئيس, 0.002
عند, 0.002
مثل, 0.002
سنة, 0.002
حق, 0.002
عربي, 0.002
كثير, 0.002
شيء, 0.002
أحد, 0.002
أكثر, 0.002
كبير, 0.002
تم, 0.002
يمكن, 0.002
خلال, 0.002
واحد, 0.002
عدد, 0.002
قام, 0.002
شكل, 0.002
جديد, 0.002
علم, 0.002
رجل, 0.002
جميع, 0.002
بلد, 0.002
اسم, 0.002
يعني, 0.002
دون, 0.002
سبب, 0.002
ثاني, 0.002
عالم, 0.002
قول, 0.002
أيضا, 0.002
وجد, 0.002
وضع, 0.002
وقت, 0.002
أرض, 0.002
قوة, 0.002
صورة, 0.002
حديث, 0.002
دور, 0.002
حدث, 0.002
مرة, 0.002
موضوع, 0.002
مجلس, 0.002
عندما, 0.002
سياسي, 0.002
دين, 0.002
عملية, 0.002
منطقة, 0.002
حكومة, 0.002
حول, 0.002
الآن, 0.002
قدم, 0.002
عدم, 0.002
شركة, 0.002
حكم, 0.002
حياة, 0.002
طريق, 0.002
حد, 0.002
إسلامي, 0.002
أراد, 0.002
بدأ, 0.002
أصبح, 0.002
داخل, 0.002
ذكر, 0.002
مسلم, 0.002
فعل, 0.002
رأى, 0.002
يجب, 0.002
تاريخ, 0.002
نظام, 0.002
موقع, 0.002
بيت, 0.002
نظر, 0.002
برنامج, 0.002
ثلاث, 0.002
أهل, 0.002
حالة, 0.002
شعب, 0.002
شخص, 0.002
عرف, 0.002
كتب, 0.002
خاص, 0.002
دولي, 0.002
وزير, 0.002
قانون, 0.002
يد, 0.002
مشروع, 0.002
بحث, 0.002
كاتب, 0.002
مجتمع, 0.002
ألف, 0.002
سؤال, 0.002
حال, 0.002
عشرة, 0.002
قرآن, 0.002
أمام, 0.002
ابن, 0.002
امرأة, 0.002
ح, 0.002
طالب, 0.002
حرب, 0.002
مكان, 0.002
قضية, 0.002
شهر, 0.002
جاء, 0.002
بعد, 0.002
فقط, 0.002
رغم, 0.002
قلب, 0.002
جعل, 0.002
كلمة, 0.002
طلب, 0.002
وصل, 0.002
علاقة, 0.002
تعليق, 0.002
مشكلة, 0.002
حزب, 0.002
جمع, 0.002
صاحب, 0.002
طفل, 0.002
جانب, 0.002
وجود, 0.002
حمل, 0.002
ظهر, 0.002
الولايات / الأمم المتحدة, 0.002
حب, 0.002
مدينة, 0.002
كتاب, 0.002
كلام, 0.002
رب, 0.002
م, 0.002
إسلام, 0.002
نوع, 0.002
دع, 0.002
أخذ, 0.002
قرار, 0.002
تحت, 0.002
نتيجة, 0.002
زوج, 0.002
باب, 0.002
فكرة, 0.002
دراسة, 0.002
حقيقة, 0.002
خير, 0.002
مجموعة, 0.002
شأن, 0.002
مال, 0.002
استطاع, 0.002
جداً, 0.002
أمن, 0.002
هدف, 0.002
أخ, 0.002
معنى, 0.002
عضو, 0.002
ساعة, 0.002
خاصة, 0.002
لجنة, 0.002
عرض, 0.002
شاب, 0.002
سلطة, 0.002
مختلف, 0.002
وجه, 0.002
نحو, 0.002
ضد, 0.002
مثال, 0.002
طريقة, 0.002
إدارة, 0.002
آية, 0.002
مركز, 0.002
بُعد, 0.002
رأي, 0.002
دخل, 0.002
تحقيق, 0.002
دكتور, 0.002
حسب, 0.002
مجال, 0.002
أخير, 0.002
عين, 0.002
حاجة, 0.002
ماء, 0.002
حل, 0.002
صحيح, 0.002
فترة, 0.002
خارج, 0.002
واقع, 0.002
معلومة, 0.002
صلاة, 0.002
وطني, 0.002
رد, 0.002
عبر, 0.002
بناء, 0.002
اعتبر, 0.002
ربما, 0.002
عالمي, 0.002
أتى, 0.002
تعليم, 0.002
أكد, 0.002
قيمة, 0.002
مليون, 0.002
رقم, 0.002
ص, 0.002
عرب, 0.002
نسبة, 0.002
اجتماعي, 0.002
لغة, 0.002
نقل, 0.002
ذهب, 0.002
جزء, 0.002
نص, 0.002
ثالث, 0.002
مصدر, 0.002
اقتصادي, 0.002
عامل, 0.002
بقى, 0.002
عقد, 0.002
حر, 0.002
بالنسبة إلى, 0.002
كامل, 0.002
أمة, 0.002
مشاركة, 0.002
سوق, 0.002
قتل, 0.002
وزارة, 0.002
منظمة, 0.002
ماضي, 0.002
إنتخاب, 0.002
مادة, 0.002
زمن, 0.002
مرحلة, 0.002
بلغ, 0.002
النبي صلى الله عليه وسلم, 0.002
شخصي, 0.002
بيان, 0.002
خرج, 0.002
أساس, 0.002
صوت, 0.002
مواطن, 0.002
جهة, 0.002
مؤسسة, 0.002
حرك, 0.002
جهاز, 0.002
قسم, 0.002
سعر, 0.002
اتفاق, 0.002
موجود, 0.002
صغير, 0.002
شعر, 0.002
ولد, 0.002
سبق, 0.002
طرف, 0.002
سياسة, 0.002
خط, 0.002
قطاع, 0.002
وقع, 0.002
نشر, 0.002
أدى, 0.002
مسألة, 0.002
قدر, 0.002
خبر, 0.002
خدم, 0.002
نساء, 0.002
حصل, 0.002
أفضل, 0.002
عسكري, 0.002
ملك, 0.002
إضافة, 0.002
صدر, 0.002
استخدام, 0.002
عديد, 0.002
صفحة, 0.002
سابق, 0.002
رسالة, 0.002
موقف, 0.002
قوي, 0.002
حالي, 0.002
رأس, 0.002
عظيم, 0.002
مدرسة, 0.002
أشار, 0.002
مستوى, 0.002
نهاية, 0.002
سمع, 0.002
فهم, 0.002
روح, 0.002
خمسة, 0.002
زاد, 0.002
خلق, 0.002
زيادة, 0.002
قدرة, 0.002
صحيفة, 0.002
قصة, 0.002
فريق, 0.002
اتحاد, 0.002
دفع, 0.002
وسيلة, 0.002
وقف, 0.002
دعم, 0.002
بداية, 0.002
زال, 0.002
طويل, 0.002
بدا, 0.002
فرد, 0.002
نائب, 0.002
نفسي, 0.002
نفس, 0.002
تقرير, 0.002
جيش, 0.002
علمي, 0.002
عالِم, 0.002
تحدث, 0.002
قليل, 0.002
مزيد, 0.002
جماعة, 0.002
فيلم, 0.002
رواية, 0.002
قاعدة, 0.002
واضح, 0.002
قديم, 0.002
مؤتمر, 0.002
ممكن, 0.002
عنوان, 0.002
ذات, 0.002
معرفة, 0.002
ظل, 0.002
ترك, 0.002
فرصة, 0.002
حوار, 0.002
وحدة, 0.002
سيارة, 0.002
مرض, 0.002
أين, 0.002
دل, 0.002
دولار, 0.002
رفع, 0.002
قيام, 0.002
عمر, 0.002
دخول, 0.002
جواب, 0.002
طبعاً, 0.002
أربعة, 0.002
مصلحة, 0.002
جامعة, 0.002
أستاذ, 0.002
جمل, 0.002
ثقافة, 0.002
مساعد, 0.002
مدة, 0.002
تغيير, 0.002
إعلام, 0.002
حقيقي, 0.002
جن, 0.002
رسم, 0.002
أمير, 0.002
علي, 0.002
قيادة, 0.002
دعوة, 0.002
سيد, 0.002
أقل, 0.002
بشر, 0.002
قراءة, 0.002
جامع, 0.002
خلاف, 0.002
صحة, 0.002
ضمن, 0.002
احتاج, 0.002
دليل, 0.002
قرأ, 0.002
فوق, 0.002
قرن, 0.002
نعم, 0.002
حاول, 0.002
موت, 0.002
خارجي, 0.002
إعادة, 0.002
هيئة, 0.002
دم, 0.002
حصول, 0.002
ثقافي, 0.002
نصف, 0.002
تح, 0.002
منع, 0.002
تعلق, 0.002
مؤمن, 0.002
جميل, 0.002
دائما, 0.002
معروف, 0.002
صار, 0.002
رفض, 0.002
بنت, 0.002
طيب, 0.002
نار, 0.002
إنتاج, 0.002
أمس, 0.002
أسبوع, 0.002
كتابة, 0.002
طبيعي, 0.002
إعتبار, 0.002
حمد, 0.002
أهم, 0.002
مسؤول, 0.002
عد, 0.002
دار, 0.002
أب, 0.002
وسط, 0.002
مدير, 0.002
دفاع, 0.002
صديق, 0.002
وصف, 0.002
تابع, 0.002
وفق, 0.002
مالي, 0.002
الله أكبر, 0.002
عاد, 0.002
منتدى, 0.002
ضرورة, 0.002
يجوز, 0.002
سبيل, 0.002
بيع, 0.002
محافظة, 0.002
تنفيذ, 0.002
سأل, 0.002
إجراء, 0.002
تقديم, 0.002
اتصال, 0.002
مهمة, 0.002
لعب, 0.002
نفط, 0.002
صباح, 0.002
شاعر, 0.002
أضاف, 0.002
محكمة, 0.002
إنترنت, 0.002
فصل, 0.002
يهودي, 0.002
مدى, 0.002
محاولة, 0.002
عودة, 0.002
روى, 0.002
نادي, 0.002
دنيا, 0.002
شديد, 0.002
لقاء, 0.002
ع, 0.002
أمان, 0.002
مجرد, 0.002
تحديد, 0.002
محلي, 0.002
عقل, 0.002
شر, 0.002
عصر, 0.002
ملف, 0.002
عدل, 0.002
دعا, 0.002
قضاء, 0.002
عيش, 0.002
شارع, 0.002
تعرف, 0.002
احتلال, 0.002
ناحية, 0.002
مات, 0.002
جنس, 0.002
قائمة, 0.002
عشرين, 0.002
تجربة, 0.002
أم, 0.002
قائل, 0.002
كرة, 0.002
أسرة, 0.002
أدب, 0.002
مستقبل, 0.002
صفة, 0.002
تعرض, 0.002
سورة, 0.002
مدني, 0.002
جرى, 0.002
أصل, 0.002
تعامل, 0.002
عود, 0.002
تاب, 0.002
خطأ, 0.002
سر, 0.002
أعلى, 0.002
شك, 0.002