لا, 0.001
من, 0.001
هذا, 0.001
أن, 0.001
في, 0.001
أنا, 0.001
على, 0.001
ما, 0.001
هل, 0.001
يا, 0.001
و, 0.001
لقد, 0.001
ذلك, 0.001
ماذا, 0.001
أنت, 0.001
هنا, 0.001
لم, 0.001
إلى, 0.001
نعم, 0.001
كان, 0.001
هو, 0.001
ان, 0.001
هذه, 0.001
هناك, 0.001
عن, 0.001
فى, 0.001
كل, 0.001
فقط, 0.001
ليس, 0.001
كنت, 0.001
الآن, 0.001
يجب, 0.001
انا, 0.001
لك, 0.001
مع, 0.001
شيء, 0.001
لكن, 0.001
الذي, 0.001
لن, 0.001
حسنا, 0.001
سوف, 0.001
كيف, 0.001
هيا, 0.001
نحن, 0.001
إنه, 0.001
أجل, 0.001
لماذا, 0.001
إذا, 0.001
عندما, 0.001
انه, 0.001
لي, 0.001
كذلك, 0.001
الى, 0.001
انت, 0.001
بعد, 0.001
هي, 0.001
أين, 0.001
أنه, 0.001
كانت, 0.001
أي, 0.001
حتى, 0.001
إنها, 0.001
أعرف, 0.001
تلك, 0.001
قبل, 0.001
قد, 0.001
الأمر, 0.001
بعض, 0.001
أو, 0.001
مثل, 0.001
أريد, 0.001
رجل, 0.001
أعتقد, 0.001
لو, 0.001
ربما, 0.001
بخير, 0.001
أيها, 0.001
يكون, 0.001
جيد, 0.001
عليك, 0.001
شخص, 0.001
أنك, 0.001
إن, 0.001
التي, 0.001
به, 0.001
علي, 0.001
ولكن, 0.001
أليس, 0.001
أحد, 0.001
الوقت, 0.001
انها, 0.001
يمكن, 0.001
اليوم, 0.001
تعرف, 0.001
تريد, 0.001
صحيح, 0.001
تكون, 0.001
أكثر, 0.001
لست, 0.001
أستطيع, 0.001
كما, 0.001
شئ, 0.001
منذ, 0.001
لذا, 0.001
واحد, 0.001
جدا, 0.001
يمكنك, 0.001
لديك, 0.001
الرجل, 0.001
يبدو, 0.001
كلا, 0.001
لدي, 0.001
أوه, 0.001
تفعل, 0.001
سيدي, 0.001
غير, 0.001
مرة, 0.001
عليه, 0.001
اذا, 0.001
حدث, 0.001
آخر, 0.001
شكرا, 0.001
لدينا, 0.001
يوجد, 0.001
أعلم, 0.001
مكان, 0.001
الناس, 0.001
له, 0.001
سيكون, 0.001
رائع, 0.001
مرحبا, 0.001
آسف, 0.001
وقت, 0.001
سيد, 0.001
اللعنة, 0.001
بهذا, 0.001
كم, 0.001
أفضل, 0.001
ليست, 0.001
بها, 0.001
أنها, 0.001
معك, 0.001
الكثير, 0.001
قلت, 0.001
بك, 0.001
الان, 0.001
الذى, 0.001
يحدث, 0.001
يوم, 0.001
يكن, 0.001
وأنا, 0.001
بي, 0.001
واحدة, 0.001
بأن, 0.001
ولا, 0.001
يمكنني, 0.001
هم, 0.001
أخرى, 0.001
علينا, 0.001
أبي, 0.001
تعال, 0.001
ثم, 0.001
هكذا, 0.001
بذلك, 0.001
المكان, 0.001
ألا, 0.001
بالطبع, 0.001
أنني, 0.001
معي, 0.001
شىء, 0.001
لهذا, 0.001
إلهي, 0.001
ها, 0.001
انك, 0.001
تستطيع, 0.001
الحقيقة, 0.001
العمل, 0.001
الليلة, 0.001
العالم, 0.001
تعلم, 0.001
بالتأكيد, 0.001
حقا, 0.001
الطريق, 0.001
الأن, 0.001
أمي, 0.001
حال, 0.001
حول, 0.001
لها, 0.001
فعل, 0.001
توقف, 0.001
هؤلاء, 0.001
عمل, 0.001
اعتقد, 0.001
انظر, 0.001
خلال, 0.001
لى, 0.001
لنا, 0.001
منك, 0.001
فعلت, 0.001
الجحيم, 0.001
أفعل, 0.001
قال, 0.001
السيد, 0.001
لأن, 0.001
فيه, 0.001
جيدة, 0.001
اين, 0.001
الجميع, 0.001
تم, 0.001
عنه, 0.001
بما, 0.001
أى, 0.001
إذن, 0.001
تقول, 0.001
لذلك, 0.001
بشكل, 0.001
ايها, 0.001
لديه, 0.001
ثانية, 0.001
الذهاب, 0.001
هى, 0.001
دعنا, 0.001
اريد, 0.001
تعتقد, 0.001
أكون, 0.001
أذهب, 0.001
المال, 0.001
متى, 0.001
يمكننا, 0.001
عليها, 0.001
لكي, 0.001
فضلك, 0.001
ستكون, 0.001
بدون, 0.001
اي, 0.001
لكم, 0.001
بحق, 0.001
أرجوك, 0.001
نذهب, 0.001
نفسك, 0.001
a, 0.001
وأنت, 0.001
المنزل, 0.001
شيئا, 0.001
أرى, 0.001
كنا, 0.001
إنهم, 0.001
نفس, 0.001
اذهب, 0.001
عند, 0.001
مجرد, 0.001
بين, 0.001
حيث, 0.001
منه, 0.001
أقول, 0.001
أم, 0.001
بنا, 0.001
تحت, 0.001
اعرف, 0.001
التى, 0.001
الأشياء, 0.001
معه, 0.001
تبدو, 0.001
الحياة, 0.001
انتظر, 0.001
لما, 0.001
شيئ, 0.001
يريد, 0.001
أننا, 0.001
ثلاثة, 0.001
إلي, 0.001
أنظر, 0.001
حصلت, 0.001
فكرة, 0.001
الباب, 0.001
com, 0.001
أني, 0.001
الرجال, 0.001
الشيء, 0.001
أيضا, 0.001
انهم, 0.001
عزيزتي, 0.001
الذين, 0.001
استطيع, 0.001
مشكلة, 0.001
ليلة, 0.001
رأيت, 0.001
تكن, 0.001
تذهب, 0.001
جميل, 0.001
سعيد, 0.001
طوال, 0.001
دائما, 0.001
السيارة, 0.001
لابد, 0.001
او, 0.001
وهو, 0.001
وهذا, 0.001
الشرطة, 0.001
كبير, 0.001
النار, 0.001
سمعت, 0.001
مني, 0.001
يعرف, 0.001
أظن, 0.001
الي, 0.001
الله, 0.001
أشعر, 0.001
أحب, 0.001
جاك, 0.001
عظيم, 0.001
الأمور, 0.001
أعني, 0.001
بسرعة, 0.001
اجل, 0.001
دولار, 0.001
سنوات, 0.001
بأس, 0.001
أنتم, 0.001
لدى, 0.001
سيدى, 0.001
بهذه, 0.001
جميلة, 0.001
الأفضل, 0.001
الوحيد, 0.001
خارج, 0.001
بالنسبة, 0.001
يقول, 0.001
بسبب, 0.001
الشخص, 0.001
فحسب, 0.001
بالفعل, 0.001
للغاية, 0.001
دعني, 0.001
حالك, 0.001
أمر, 0.001
جون, 0.001
يعني, 0.001
بل, 0.001
فتاة, 0.001
أردت, 0.001
ترى, 0.001
الخير, 0.001
دقيقة, 0.001
بأنك, 0.001
كبيرة, 0.001
كانوا, 0.001
احد, 0.001
آسفة, 0.001
تعمل, 0.001
بشأن, 0.001
اليس, 0.001
أنهم, 0.001
نوع, 0.001
رجال, 0.001
رائعة, 0.001
يستطيع, 0.001
فيها, 0.001
تريدين, 0.001
قتل, 0.001
اوه, 0.001
أحتاج, 0.001
حياتي, 0.001
البيت, 0.001
عيد, 0.001
تعرفين, 0.001
بكل, 0.001
جديد, 0.001
الأرض, 0.001
الامر, 0.001
نستطيع, 0.001
والآن, 0.001
جميع, 0.001
مات, 0.001
منها, 0.001
بأنه, 0.001
إليك, 0.001
بحاجة, 0.001
عشر, 0.001
يعمل, 0.001
الموت, 0.001
لأنه, 0.001
ألم, 0.001
أتمنى, 0.001
لكني, 0.001
لحظة, 0.001
صباح, 0.001
اعلم, 0.001
الفتاة, 0.001
لكنه, 0.001
إليه, 0.001
بالضبط, 0.001
طريق, 0.001
عنك, 0.001
سأكون, 0.001
أكن, 0.001
تتحدث, 0.001
ــ, 0.001
رقم, 0.001
فوق, 0.001
منهم, 0.001
لهم, 0.001
الحب, 0.001
ساعة, 0.001
لنذهب, 0.001
اللعين, 0.001
صغيرة, 0.001
هذة, 0.001
عزيزي, 0.001
المدينة, 0.001
خذ, 0.001
صديقي, 0.001
يفعل, 0.001
ترجمة, 0.001
دون, 0.001
متأكد, 0.001
الـ, 0.001
سيارة, 0.001
دقائق, 0.001
المرة, 0.001
غرفة, 0.001
الصغير, 0.001
فعله, 0.001
ولم, 0.001
وماذا, 0.001
قام, 0.001
الرئيس, 0.001
سعيدة, 0.001
الطريقة, 0.001
الجنس, 0.001
الأطفال, 0.001
عام, 0.001
أول, 0.001
فقد, 0.001
اى, 0.001
سنة, 0.001
إلا, 0.001
سأذهب, 0.001
المدرسة, 0.001
مما, 0.001
نفسي, 0.001
ذهبت, 0.001
لطيف, 0.001
سبب, 0.001
قمت, 0.001
معنا, 0.001
أريدك, 0.001
بينما, 0.001
السبب, 0.001
ومن, 0.001
يرام, 0.001
غريب, 0.001
اسمع, 0.001
نفعل, 0.001
الا, 0.001
أية, 0.001
أننى, 0.001
الأولى, 0.001
أقصد, 0.001
الصباح, 0.001
المزيد, 0.001
مهما, 0.001
وانا, 0.001
حالة, 0.001
لأنك, 0.001
ايضا, 0.001
الحصول, 0.001
اكثر, 0.001
أحاول, 0.001
فرصة, 0.001
صغير, 0.001
التحدث, 0.001
الساعة, 0.001
تعني, 0.001
افعل, 0.001
لديها, 0.001
تماما, 0.001
طريقة, 0.001
وجدت, 0.001
أحبك, 0.001
أبدا, 0.001
اخرى, 0.001
الليل, 0.001
خمسة, 0.001
يمكننى, 0.001
عرفت, 0.001
رأيك, 0.001
جيدا, 0.001
الماء, 0.001
معها, 0.001
تعالي, 0.001
نهاية, 0.001
قليلا, 0.001
سيدة, 0.001
كثيرا, 0.001
لكنك, 0.001
أفكر, 0.001
أتعرف, 0.001
تأتي, 0.001
لديهم, 0.001
حياة, 0.001
الأول, 0.001
رفاق, 0.001
أيتها, 0.001
وقد, 0.001
نفسه, 0.001
أفهم, 0.001
اني, 0.001
إنك, 0.001
أيام, 0.001
البعض, 0.001
عندي, 0.001
انني, 0.001
تحتاج, 0.001
عني, 0.001
الأقل, 0.001
أخبرك, 0.001
الواقع, 0.001
الحرب, 0.001
حياتك, 0.001
أخبرني, 0.001
نحتاج, 0.001
لـ, 0.001
الصغيرة, 0.001
فهمت, 0.001
خطأ, 0.001
لكنني, 0.001
مجنون, 0.001
تعلمين, 0.001
تقلق, 0.001
الخاص, 0.001
بدأت, 0.001
لأنني, 0.001
أتعلم, 0.001
إذهب, 0.001
إنتظر, 0.001
نصف, 0.001
الطفل, 0.001
دكتور, 0.001
حان, 0.001
يكفي, 0.001
أقوم, 0.001
أكبر, 0.001
مالذي, 0.001
للتو, 0.001
فريق, 0.001
نعرف, 0.001
ممكن, 0.001
أصبح, 0.001
سام, 0.001
عنها, 0.001
معى, 0.001
تقوم, 0.001
افضل, 0.001
هلا, 0.001
اننا, 0.001
الجديد, 0.001
نريد, 0.001
السجن, 0.001
بالخارج, 0.001
عليهم, 0.001
الهاتف, 0.001
ثلاث, 0.001
فرانك, 0.001
جديدة, 0.001
طفل, 0.001
أعمل, 0.001
أشياء, 0.001
بـ, 0.001
صديق, 0.001
هنالك, 0.001
أعطني, 0.001
الطعام, 0.001
طويلة, 0.001
اسف, 0.001
أتحدث, 0.001
أراك, 0.001
أخبرتك, 0.001
لمدة, 0.001
السيدة, 0.001
بد, 0.001
يجري, 0.001
سيدتي, 0.001
وبعد, 0.001
فأنا, 0.001
أخي, 0.001
قالت, 0.001
وما, 0.001
طويل, 0.001
يتم, 0.001
وليس, 0.001
حق, 0.001
يذهب, 0.001
اخر, 0.001
حصل, 0.001
العديد, 0.001
أخر, 0.001
فيما, 0.001
نكون, 0.001
تفعله, 0.001
تشعر, 0.001
تحب, 0.001
أقل, 0.001
مثلك, 0.001
سأفعل, 0.001
رؤية, 0.001
الخاصة, 0.001
داخل, 0.001
أخرج, 0.001
لكى, 0.001
والدك, 0.001
يعلم, 0.001
القيام, 0.001
اللعنه, 0.001
رجاء, 0.001
النوم, 0.001
آه, 0.001
بيت, 0.001
الممكن, 0.001
الموضوع, 0.001
كي, 0.001
كله, 0.001
ذهب, 0.001
كلمة, 0.001
اللقاء, 0.001
مايكل, 0.001
أصبحت, 0.001
فتى, 0.001
جميعا, 0.001
تفعلين, 0.001
ذات, 0.001
منا, 0.001
اذن, 0.001
علاقة, 0.001
أود, 0.001
نظرة, 0.001
الخارج, 0.001
الآخر, 0.001
عبر, 0.001
hotmail, 0.001
الفتى, 0.001
قل, 0.001
المفترض, 0.001
توم, 0.001
سيئة, 0.001
ونحن, 0.001
أخذ, 0.001
تحاول, 0.001
يقوم, 0.001
بواسطة, 0.001
تفهم, 0.001
جو, 0.001
ميت, 0.001
رئيس, 0.001
الحال, 0.001
إنني, 0.001
نيويورك, 0.001
بلا, 0.001
حقيقي, 0.001
المشكلة, 0.001
العودة, 0.001
يمكنه, 0.001
تظن, 0.001
ذاهب, 0.001
عندك, 0.001
تكوني, 0.001
يارجل, 0.001
مباشرة, 0.001
بى, 0.001
قادم, 0.001
كن, 0.001
جزء, 0.001
بهم, 0.001
الوغد, 0.001
النهاية, 0.001
النساء, 0.001
الهي, 0.001
بخصوص, 0.001
الكبير, 0.001
حاول, 0.001
مليون, 0.001
حبيبتي, 0.001
أتريد, 0.001
قصة, 0.001
العام, 0.001
البقاء, 0.001
بأنني, 0.001
عشرة, 0.001
الفتيات, 0.001
لكنها, 0.001
أسمع, 0.001
المساعدة, 0.001
يأتي, 0.001
أحضر, 0.001
أربعة, 0.001
t, 0.001
وانت, 0.001
الماضي, 0.001
نتحدث, 0.001
أبى, 0.001
أحدهم, 0.001
الخروج, 0.001
أسرع, 0.001
شباب, 0.001
مستحيل, 0.001
القادمة, 0.001
وضع, 0.001
جورج, 0.001
حقيقة, 0.001
توجد, 0.001
ضد, 0.001
تصبح, 0.001
بول, 0.001
اكون, 0.001
حاولت, 0.001
انظري, 0.001
تفضل, 0.001
العشاء, 0.001
الغرفة, 0.001
ابن, 0.001
خمس, 0.001
الأسبوع, 0.001
تمت, 0.001
كلها, 0.001
للمنزل, 0.001
وهي, 0.001
تذكر, 0.001
أصدق, 0.001
لكل, 0.001
منزل, 0.001
وسوف, 0.001
اسم, 0.001
بنفسك, 0.001
نسيت, 0.001
دعونا, 0.001
الملك, 0.001
دي, 0.001
مساعدتك, 0.001
رسالة, 0.001
تحصل, 0.001
جاهز, 0.001
بوب, 0.001
أدري, 0.001
the, 0.001
المسيح, 0.001
بأي, 0.001
أتذكر, 0.001
ولد, 0.001
ستفعل, 0.001
أنتي, 0.001
تحرك, 0.001
لهذه, 0.001
فترة, 0.001
وكان, 0.001
ظننت, 0.001
تبقى, 0.001
ساعات, 0.001
الكلام, 0.001
اخرج, 0.001
زوجتي, 0.001
تفكر, 0.001
حين, 0.001
غدا, 0.001
لعبة, 0.001
عائلة, 0.001
l, 0.001
بكم, 0.001
تبا, 0.001
ولن, 0.001
www, 0.001
المرأة, 0.001
حتي, 0.001
يهم, 0.001
الطبيب, 0.001
عدد, 0.001
أحصل, 0.001
ضع, 0.001
الوحيدة, 0.001
جئت, 0.001
مدينة, 0.001
الماضية, 0.001
أسف, 0.001
مايك, 0.001
أمام, 0.001
انتهى, 0.001
فهو, 0.001
لأني, 0.001
أمك, 0.001
اعتقدت, 0.001
تحدث, 0.001
أنتظر, 0.001
وجود, 0.001
السلامة, 0.001
نقوم, 0.001
مره, 0.001
القائد, 0.001
حفلة, 0.001
سأعود, 0.001
ابدا, 0.001
أهذا, 0.001
الثانية, 0.001
النقود, 0.001
ألف, 0.001
المحتمل, 0.001
أتيت, 0.001
الجيد, 0.001
منكم, 0.001
وشك, 0.001
بعيدا, 0.001
اسمي, 0.001
زلت, 0.001
تأخذ, 0.001
بطريقة, 0.001
ارجوك, 0.001
مساء, 0.001
الرب, 0.001
وصلت, 0.001
جاء, 0.001
وفي, 0.001
بدأ, 0.001
سنذهب, 0.001
إثنان, 0.001
اللعينة, 0.001
ابي, 0.001
سيحدث, 0.001
تعود, 0.001
وكل, 0.001
اتصل, 0.001
الشمس, 0.001
أعود, 0.001
كلنا, 0.001
مهم, 0.001
ستة, 0.001
تعالى, 0.001
تنظر, 0.001
القادم, 0.001
الجديدة, 0.001
يريدون, 0.001
معرفة, 0.001
طلب, 0.001
هيه, 0.001
آنسة, 0.001
يحصل, 0.001
مجموعة, 0.001
صورة, 0.001
معهم, 0.001
يقولون, 0.001
وعندما, 0.001
فعلا, 0.001
كرة, 0.001
اقول, 0.001
you, 0.001
العاهرة, 0.001
نحو, 0.001
ابتعد, 0.001
اسمه, 0.001
السماء, 0.001
اسمك, 0.001
كهذا, 0.001
جي, 0.001
مثير, 0.001
لسنا, 0.001
هراء, 0.001
دعيني, 0.001
أصدقاء, 0.001
الهراء, 0.001
مكتب, 0.001
سيء, 0.001
ينبغي, 0.001
أمس, 0.001
مضحك, 0.001
أولئك, 0.001
فقدت, 0.001
النوع, 0.001
يحاول, 0.001
الأخرى, 0.001
ولكني, 0.001
صعب, 0.001
الكتاب, 0.001
مشاكل, 0.001
الحظ, 0.001
مستعد, 0.001
الزواج, 0.001
الداخل, 0.001
أحمق, 0.001
عدم, 0.001
تبدين, 0.001
الأخيرة, 0.001
رأسك, 0.001
الأشخاص, 0.001
الوضع, 0.001
أطفال, 0.001
ماكس, 0.001
الاشياء, 0.001
اننى, 0.001
ام, 0.001
الترجمة, 0.001
ولكنه, 0.001
بشيء, 0.001
عرض, 0.001
الإطلاق, 0.001
بيتر, 0.001
الأيام, 0.001
خائف, 0.001
إني, 0.001
أثناء, 0.001
سوى, 0.001
كثير, 0.001
واضح, 0.001
يعود, 0.001
يحتاج, 0.001
والدي, 0.001
الشئ, 0.001
خلف, 0.001
د, 0.001
بعضنا, 0.001
متأكدة, 0.001
البحر, 0.001
قطعة, 0.001
حينما, 0.001
سؤال, 0.001
ميلاد, 0.001
اللعبة, 0.001
تخبرني, 0.001
بأني, 0.001
ذا, 0.001
طلبت, 0.001
امرأة, 0.001
تعيش, 0.001
منى, 0.001
نرى, 0.001
تشارلي, 0.001
انتم, 0.001
موجود, 0.001
احب, 0.001
أمى, 0.001
انة, 0.001
عالم, 0.001
زال, 0.001
علم, 0.001
مدى, 0.001
بيننا, 0.001
ذو, 0.001
إليها, 0.001
الشارع, 0.001
الدخول, 0.001
الحديث, 0.001
قتلت, 0.001
الأحمق, 0.001
يعد, 0.001
مختلف, 0.001
بيل, 0.001
الطائرة, 0.001
شركة, 0.001
صوت, 0.001
أبحث, 0.001
أسفل, 0.001
تعتقدين, 0.001
أطلق, 0.001
بالداخل, 0.001
عما, 0.001
ببعض, 0.001
صديقك, 0.001
بضعة, 0.001
بتلك, 0.001
ماري, 0.001
زوجتك, 0.001
عليكم, 0.001
الجانب, 0.001
قريبا, 0.001
انتظري, 0.001
وهذه, 0.001
اشعر, 0.001
تتكلم, 0.001
هاري, 0.001
للعمل, 0.001
الثاني, 0.001
المنطقة, 0.001
ممتاز, 0.001
القليل, 0.001
الهواء, 0.001
إننا, 0.001
امي, 0.001
تخرج, 0.001
خطر, 0.001
البداية, 0.001
فعلته, 0.001
قم, 0.001
i, 0.001
الحقيقي, 0.001
سنكون, 0.001
الفريق, 0.001
معا, 0.001
يحب, 0.001
الولد, 0.001
بعمل, 0.001
مساعدة, 0.001
عملية, 0.001
تحمل, 0.001
جين, 0.001